{
  "hash": "d7f3432f",
  "configHash": "363d39a1",
  "lockfileHash": "c5230583",
  "browserHash": "cc564022",
  "optimized": {
    "@angular/common": {
      "src": "../../../../../node_modules/@angular/common/fesm2022/common.mjs",
      "file": "@angular_common.js",
      "fileHash": "169470d0",
      "needsInterop": false
    },
    "@angular/core": {
      "src": "../../../../../node_modules/@angular/core/fesm2022/core.mjs",
      "file": "@angular_core.js",
      "fileHash": "68f11de0",
      "needsInterop": false
    },
    "@angular/fire/app": {
      "src": "../../../../../node_modules/@angular/fire/fesm2022/angular-fire-app.mjs",
      "file": "@angular_fire_app.js",
      "fileHash": "b4be42cf",
      "needsInterop": false
    },
    "@angular/fire/compat": {
      "src": "../../../../../node_modules/@angular/fire/fesm2022/angular-fire-compat.mjs",
      "file": "@angular_fire_compat.js",
      "fileHash": "74d7f3db",
      "needsInterop": false
    },
    "@angular/fire/compat/firestore": {
      "src": "../../../../../node_modules/@angular/fire/fesm2022/angular-fire-compat-firestore.mjs",
      "file": "@angular_fire_compat_firestore.js",
      "fileHash": "477147f7",
      "needsInterop": false
    },
    "@angular/fire/firestore": {
      "src": "../../../../../node_modules/@angular/fire/fesm2022/angular-fire-firestore.mjs",
      "file": "@angular_fire_firestore.js",
      "fileHash": "52a3a903",
      "needsInterop": false
    },
    "@angular/forms": {
      "src": "../../../../../node_modules/@angular/forms/fesm2022/forms.mjs",
      "file": "@angular_forms.js",
      "fileHash": "d865e4c2",
      "needsInterop": false
    },
    "@angular/platform-browser": {
      "src": "../../../../../node_modules/@angular/platform-browser/fesm2022/platform-browser.mjs",
      "file": "@angular_platform-browser.js",
      "fileHash": "25f7f651",
      "needsInterop": false
    },
    "@angular/router": {
      "src": "../../../../../node_modules/@angular/router/fesm2022/router.mjs",
      "file": "@angular_router.js",
      "fileHash": "08e55001",
      "needsInterop": false
    },
    "rxjs": {
      "src": "../../../../../node_modules/rxjs/dist/esm5/index.js",
      "file": "rxjs.js",
      "fileHash": "9bfaabbd",
      "needsInterop": false
    }
  },
  "chunks": {
    "index.esm-ZPFK5GVR": {
      "file": "index__esm-ZPFK5GVR.js"
    },
    "chunk-FVZDVYKC": {
      "file": "chunk-FVZDVYKC.js"
    },
    "chunk-IHKIHAV6": {
      "file": "chunk-IHKIHAV6.js"
    },
    "chunk-I4KZKQGV": {
      "file": "chunk-I4KZKQGV.js"
    },
    "chunk-QQFYUUPU": {
      "file": "chunk-QQFYUUPU.js"
    },
    "chunk-KPUD7D33": {
      "file": "chunk-KPUD7D33.js"
    },
    "chunk-4Z6LRG55": {
      "file": "chunk-4Z6LRG55.js"
    },
    "chunk-Z2J4JONH": {
      "file": "chunk-Z2J4JONH.js"
    },
    "chunk-IAV4BMDW": {
      "file": "chunk-IAV4BMDW.js"
    },
    "chunk-Y3TSLGO7": {
      "file": "chunk-Y3TSLGO7.js"
    },
    "chunk-NLIURXFV": {
      "file": "chunk-NLIURXFV.js"
    },
    "chunk-NSAKKRKK": {
      "file": "chunk-NSAKKRKK.js"
    },
    "chunk-YKIP3M2L": {
      "file": "chunk-YKIP3M2L.js"
    },
    "chunk-WCLAHN6D": {
      "file": "chunk-WCLAHN6D.js"
    }
  }
}